,MAIAN,Mythril,Semgrep,Slither,Solhint,VeriSmart
MAIAN,100.0,38.53211009174312,0,62.38532110091744,57.798165137614674,100.0
Mythril,2.734375,100.0,15.367383512544802,59.97340425531915,51.540616246498594,33.91304347826087
Semgrep,0,15.151515151515152,100.0,90.9090909090909,72.72727272727273,0
Slither,2.5875190258751903,43.99746594868546,25.3781512605042,100.0,69.8670126500162,23.658818988807408
Solhint,2.4333719582850524,41.284403669724774,29.120879120879124,78.01693719124911,100.0,19.279060348319156
VeriSmart,6.111111111111111,41.815582558970696,0,43.81701215153681,44.074074074074076,100.0
