,MAIAN,Mythril,Semgrep,Slither,Solhint,VeriSmart
MAIAN,100.0,26.200873362445414,0,64.07766990291263,52.40174672489083,59.48275862068966
Mythril,2.6869682042095837,100.0,16.236722306525035,60.87768440709617,53.030783878133924,23.552579755809376
Semgrep,0,12.5,100.0,84.78260869565217,77.08333333333334,0
Slither,2.570593962999026,31.976466846875496,24.673803947808633,100.0,73.30881177035023,13.329383886255924
Solhint,1.8379537448307552,26.059814169570267,26.59747961452928,76.56597774244833,100.0,8.057755006986493
VeriSmart,5.862361937128292,39.44591029023747,0,44.58388375165126,44.09515717926933,100.0
